,deprecated,new,final
0,0.248,0.248,0.24169999999999997
1,0.244,0.249,0.24345000000000003
2,0.239,0.243,"T-test    0.354253
Name: p-val, dtype: float64"
3,0.242,0.234,"T-test    0.296569
Name: cohen-d, dtype: float64"
4,0.238,0.242,0
5,0.242,0.246,0
6,0.232,0.236,0
7,0.246,0.236,0
8,0.254,0.25,0
9,0.239,0.244,0
10,0.241,0.245,0
11,0.243,0.245,0
12,0.252,0.243,0
13,0.24,0.236,0
14,0.237,0.244,0
15,0.25,0.239,0
16,0.24,0.248,0
17,0.228,0.245,0
18,0.233,0.253,0
19,0.246,0.243,0
